"Over five years ago, DC Appleseed issued its 2005 report, HIV/AIDS in the Nation’s Capital: Improving the District of Columbia’s Response to a Public Health Crisis. Since that time, the District government has made significant progress toward implementing many of the recommendations in the report.While there continue to be important advancements, this Sixth Report Card shows that in several key areas prog-ress is not sufficient and in others there have been troubling declines. We urge Mayor Gray, his administration, and the District community to make fighting HIV/AIDS a top priority. In addition to describing the status of the District’s response to the epidemic, the Sixth Report Card proposes a list of HIV/AIDS priorities for the Gray Administration to address going forward.","","","","","","","","","","","","","","","","","","","","","","","","","","","","","","","","","","","","","","","NO. 6OCTOBER 2009 to  FEBRUARY 2011GRADES (A-F)","","","","","","","","","","","","","","","","","","","","","","","","",""
"","","","","","","","","","","","","","","","","","","","","","","","","","","","","","","","","","","","","","","","","","","","","","","","","","","","","","","","","","","","","","","","","","","","","","","","","","","","","","","","","","","","","","","","","","","","","","","","","","","","","","","","","","","","","","","","","","","","","","","","","","","","","","","","","","","","","","","","","","","","","","","","","","","","","","","","","","","","","","","","","","","","","","","","","","","","","","","","","","","","","","","","","","","","","","","","","","","","",""
"","","","","","","","","","","","","","","","","","","","","","","","","","","","","","","","","","","","","","","","","","","","","","","","","","","","","","","","","","","","","","","","","","","","","","","","","","","","","","","","","","","","","","","","","","","","","","","","","","","","","","","","","","","","","","","","","","","","","","","","","","","","","","","","","","","","","","","","","","","","","","","","","","","","","","","","","","","","","","","","","","","","","","","","","","","","","","","","","","","","","","","","","","","","","","","","","","","","","","","","","","","","",""
"","","","","","","","","","","","","","","","","","","","","","","","","","","","","","","","","","","","","","","","","","","","","","","","","","","","","","","","","","","","","","","","","","","","","","","","","","","","","","","","","","","","","","","","","","","","","","","","","","","","","","","","","","","","","","","","","","","","","","","","","","","","","","","","","","","","","","","","","","","","","","","","","","","","","","","","","","","","","","","","","","","","","","","","","","","","","","","","","","","","","","","","","","","","","","","","","","","","","","","",""
"","","","","","","","","","","","","","","","","","","","","","","","","","","","","","","","","","","","","","","","","","","","","","","","","","","","","","","","","","","","","","","","","","","","","","","","","","","","","","","","","","","","","","","","","","","","","","","","","","","","","","","","","","","","","","","","","","","","","","","","","","","","","","","","","","","","","","","","","","","","","","","","","","","","","","","","","","","","","","","","","","","","","","","","","","","","","","","","","","","","","","","","","","","","","","","","","","","","","","","",""
"","","","","","","","","","","","","","","","","","","","","","","","","","","","","","","","","","","","","","","","","","","","","","","","","","","","","","","","","","","","","","","","","","","","","","","","","","","","","","","","","","","","","","","","","","","","","","","","","","","","","","","","","","","","","","","","","","","","","","","","","","","","","","","","","","","","","","","","","","","","","","","","","","","","","","","","","","","","","","","","","","","","","","","","","","","","","","","","","","","","","","","","","","","","","","","","","","","","","","","",""
"","","","","","","","","","","","","","","","","","","","","","","","","","","","","","","","","","","","","","","","","","","","","","","","","","","","","","","","","","","","","","","","","","","","","","","","","","","","","","","","","","","","","","","","","","","","","","","","","","","","","","","","","","","","","","","","","","","","","","","","","","","","","","","","","","","","","","","","","","","","","","","","","","","","","","","","","","","","","","","","","","","","","","","","","","","","","","","","","","","","","","","","","","","","","","","","","","","","","","","",""
"","","","","","","","","","","","","","","","","","","","","","","","","","","","","","","","","","","","","","","","","","","","","","","","","","","","","","","","","","","","","","","","","","","","","","","","","","","","","","","","","","","","","","","","","","","","","","","","","","","","","","","","","","","","","","","","","","","","","","","","","","","","","","","","","","","","","","","","","","","","","","","","","","","","","","","","","","","","","","","","","","","","","","","","","","","","","","","","","","","","","","","","","","","","","","","","","","","","","","","",""
"","","","","","","","","","","","","","","","","","","","","","","","","","","","","","","","","","","","","","","","","","","","","","","","","","","","","","","","","","","","","","","","","","","","","","","","","","","","","","","","","","","","","","","","","","","","","","","","","","","","","","","","","","","","","","","","","","","","","","","","","","","","","","","","","","","","","","","","","","","","","","","","","","","","","","","","","","","","","","","","","","","","","","","","","","","","","","","","","","","","","","","","","","","","","","","",""
"","","","","","","","","","","","","","","","","","","","","","","","","","","","","","","","","","","","","","","","","","","","","","","","","","","","","","","","","","","","","","","","","","","","","","","","","","","","","","","","","","","","","","","","","","","","","","","","","","","","","","","","","","","","","","","","","","","","","","","","","","","","","","","","","","","","","","","","","","","","","","","","","","","","","","","","","","","","","","","","","","","","","","","","","","","","","","","","","","","","","","","","","","","","","","","",""
"","","","","","","","","","","","","","","","","","","","","","","","","","","","","","","","","","","","","","","","","","","","","","","","","","","","","","","","","","","","","","","","","","","","","","","","","","","","","","","","","","","","","","","","","","","","","","","","","","","","","","","","","","","","","","","","","","","","","","","","","","","","","","","","","","","","","","","","","","","","","","","","","","","","","","","","","","","","","","","","","","","","","","","","","","","","","","","","","","","","","","","","","","","","","","","",""
"","","","","","","","","","","","","","","","","","","","","","","","","","","","","","","","","","","","","","","","","","","","","","","","","","","","","","","","","","","","","","","","","","","","","","","","","","","","","","","","","","","","","","","","","","","","","","","","","","","","","","","","","","","","","","","","","","","","","","","","","","","","","","","","","","","","","","","","","","","","","","","","","","","","","","","","","","","","","","","","","","","","","","","","","","","","","","","","","","","","","","","","","","","","","","","",""
"","","","","","","","","","","","","","","","","","","","","","","","","","","","","","","","","","","","","","","","","","","","","","","","","","","","","","","","","","","","","","","","","","","","","","","","","","","","","","","","","","","","","","","","","","","","","","","","","","","","","","","","","","","","","","","","","","","","","","","","","","","","","","","","","","","","","","","","","","","","","","","","","","","","","","","","","","","","","","","","","","","","","","","","","","","","","","","","","","","","","","","","","","","","",""
"","","","","","","","","","","","","","","","","","","","","","","","","","","","","","","","","","","","","","","","","","","","","","","","","","","","","","","","","","","","","","","","","","","","","","","","","","","","","","","","","","","","","","","","","","","","","","","","","","","","","","","","","","","","","","","","","","","","","","","","","","","","","","","","","","","","","","","","","","","","","","","","","","","","","","","","","","","","","","","","","","","","","","","","","","","","","","","","","","","","","","","","","","","","","","",""
"","","","","","","","","","","","","","","","","","","","","","","","","","","","","","","","","","","","","","","","","","","","","","","","","","","","","","","","","","","","","","","","","","","","","","","","","","","","","","","","","","","","","","","","","","","","","","","","","","","","","","","","","","","","","","","","","","","","","","","","","","","","","","","","","","","","","","","","","","","","","","","","","","","","","","","","","","","","","","","","","","","","","","","","","","","","","","","","","","","","","","","","","","","","","","","","",""
"","","","","","","","","","","","","","","","","","","","","","","","","","","","","","","","","","","","","","","","","","","","","","","","","","","","","","","","","","","","","","","","","","","","","","","","","","","","","","","","","","","","","","","","","","","","","","","","","","","","","","","","","","","","","","","","","","","","","","","","","","","","","","","","","","","","","","","","","","","","","","","","","","","","","","","","","","","","","","","","","","","","","","","","","","","","","","","","","","","","","","","","","","","","","","","","",""
"","","","","","","","","","","","","","","","","","","","","","","","","","","","","","","","","","","","","","","","","","","","","","","","","","","","","","","","","","","","","","","","","","","","","","","","","","","","","","","","","","","","","","","","","","","","","","","","","","","","","","","","","","","","","","","","","","","","","","","","","","","","","","","","","","","","","","","","","","","","","","","","","","","","","","","","","","","","","","","","","","","","","","","","","","","","","","","","","","","","","","","","","","","","","","","","",""
"","","","","","","","","","","","","","","","","","","","","","","","","","","","","","","","","","","","","","","","","","","","","","","","","","","","","","","","","","","","","","","","","","","","","","","","","","","","","","","","","","","","","","","","","","","","","","","","","","","","","","","","","","","","","","","","","","","","","","","","","","","","","","","","","","","","","","","","","","","","","","","","","","","","","","","","","","","","","","","","","","","","","","","","","","","","","","","","","","","","","","","","","","","","",""
"","","","","","","","","","","","","","","","","","","","","","","","","","","","","","","","","","","","","","","","","","","","","","","","","","","","","","","","","","","","","","","","","","","","","","","","","","","","","","","","","","","","","","","","","","","","","","","","","","","","","","","","","","","","","","","","","","","","","","","","","","","","","","","","","","","","","","","","","","","","","","","","","","","","","","","","","","","","","","","","","","","","","","","","","","","","","","","","","","","","","","","","","","","","","","",""
"","","","","","","","","","","","","","","","","","","","","","","","","","","","","","","","","","","","","","","","","","","","","","","","","","","","","","","","","","","","","","","","","","","","","","","","","","","","","","","","","","","","","","","","","","","","","","","","","","","","","","","","","","","","","","","","","","","","","","","","","","","","","","","","","","","","","","","","","","","","","","","","","","","","","","","","","","","","","","","","","","","","","","","","","","","","","","","","","","","","","","","","","","","","","","","","",""
"","","","","","","","","","","","","","","","","","","","","","","","","","","","","","","","","","","","","","","","","","","","","","","","","","","","","","","","","","","","","","","","","","","","","","","","","","","","","","","","","","","","","","","","","","","","","","","","","","","","","","","","","","","","","","","","","","","","","","","","","","","","","","","","","","","","","","","","","","","","","","","","","","","","","","","","","","","","","","","","","","","","","","","","","","","","","","","","","","","","","","","","","","","","","","","","",""
"","","","","","","","","","","","","","","","","","","","","","","","","","","","","","","","","","","","","","","","","","","","","","","","","","","","","","","","","","","","","","","","","","","","","","","","","","","","","","","","","","","","","","","","","","","","","","","","","","","","","","","","","","","","","","","","","","","","","","","","","","","","","","","","","","","","","","","","","","","","","","","","","","","","","","","","","","","","","","","","","","","","","","","","","","","","","","","","","","","","","","","","","","","","","","","","",""
"","","","","","","","","","","","","","","","","","","","","","","","","","","","","","","","","","","","","","","","","","","","","","","","","","","","","","","","","","","","","","","","","","","","","","","","","","","","","","","","","","","","","","","","","","","","","","","","","","","","","","","","","","","","","","","","","","","","","","","","","","","","","","","","","","","","","","","","","","","","","","","","","","","","","","","","","","","","","","","","","","","","","","","","","","","","","","","","","","","","","","","","","","","","",""
"","","","","","","","","","","","","","","","","","","","","","","","","","","","","","","","","","","","","","","","","","","","","","","","","","","","","","","","","","","","","","","","","","","","","","","","","","","","","","","","","","","","","","","","","","","","","","","","","","","","","","","","","","","","","","","","","","","","","","","","","","","","","","","","","","","","","","","","","","","","","","","","","","","","","","","","","","","","","","","","","","","","","","","","","","","","","","","","","","","","","","","","","","","","",""
"","","","","","","","","","","","","","","","","","","","","","","","","","","","","","","","","","","","","","","","","","","","","","","","","","","","","","","","","","","","","","","","","","","","","","","","","","","","","","","","","","","","","","","","","","","","","","","","","","","","","","","","","","","","","","","","","","","","","","","","","","","","","","","","","","","","","","","","","","","","","","","","","","","","","","","","","","","","","","","","","","","","","","","","","","","","","","","","","","","","","","","","","","","","","","","","","","","","","","","","","",""
"","","","","","","","","","","","","","","","","","","","","","","","","","","","","","","","","","","","","","","","","","","","","","","","","","","","","","","","","","","","","","","","","","","","","","","","","","","","","","","","","","","","","","","","","","","","","","","","","","","","","","","","","","","","","","","","","","","","","","","","","","","","","","","","","","","","","","","","","","","","","","","","","","","","","","","","","","","","","","","","","","","","","","","","","","","","","","","","","","","","","","","","","","","","",""
"","","","","","","","","","","","","","","","","","","","","","","","","","","","","","","","","","","","","","","","","","","","","","","","","","","","","","","","","","","","","","","","","","","","","","","","","","","","","","","","","","","","","","","","","","","","","","","","","","","","","","","","","","","","","","","","","","","","","","","","","","","","","","","","","","","","","","","","","","","","","","","","","","","","","","","","","","","","","","","","","","","","","","","","","","","","","","","","","","","","","","","","","","","","","","","","","","","","","","","","","","","","","","",""
"","","","","","","","","","","","","","","","","","","","","","","","","","","","","","","","","","","","","","","","","","","","","","","","","","","","","","","","","","","","","","","","","","","","","","","","","","","","","","","","","","","","","","","","","","","","","","","","","","","","","","","","","","","","","","","","","","","","","","","","","","","","","","","","","","","","","","","","","","","","","","","","","","","","","","","","","","","","","","","","","","","","","","","","","","","","","","","","","","","","","","","","","","","","",""
"","","","","","","","","","","","","","","","","","","","","","","","","","","","","","","","","","","","","","","","","","","","","","","","","","","","","","","","","","","","","","","","","","","","","","","","","","","","","","","","","","","","","","","","","","","","","","","","","","","","","","","","","","","","","","","","","","","","","","","","","","","","","","","","","","","","","","","","","","","","","","","","","","","","","","","","","","","","","","","","","","","","","","","","","","","","","","","","","","","","","","","","","","","","",""
"","","","","","","","","","","","","","","","","","","","","","","","","","","","","","","","","","","","","","","","","","","","","","","","","","","","","","","","","","","","","","","","","","","","","","","","","","","","","","","","","","","","","","","","","","","","","","","","","","","","","","","","","","","","","","","","","","","","","","","","","","","","","","","","","","","","","","","","","","","","","","","","","","","","","","","","","","","","","","","","","","","","","","","","","","","","","","","","","","","","","","","","","","","","","","","","","","","","","","","","","","","",""
"","","","","","","","","","","","","","","","","","","","","","","","","","","","","","","","","","","","","","","","","","","","","","","","","","","","","","","","","","","","","","","","","","","","","","","","","","","","","","","","","","","","","","","","","","","","","","","","","","","","","","","","","","","","","","","","","","","","","","","","","","","","","","","","","","","","","","","","","","","","","","","","","","","","","","","","","","","","","","","","","","","","","","","","","","","","","","","","","","","","","","","","","","","","","","","","","","","","",""
"","","","","","","","","","","","","","","","","","","","","","","","","","","","","","","","","","","","","","","","","","","","","","","","","","","","","","","","","","","","","","","","","","","","","","","","","","","","","","","","","","","","","","","","","","","","","","","","","","","","","","","","","","","","","","","","","","","","","","","","","","","","","","","","","","","","","","","","","","","","","","","","","","","","","","","","","","","","","","","","","","","","","","","","","","","","","","","","","","","","","","","","","","","","",""
"","","","","","","","","","","","","","","","","","","","","","","","","","","","","","","","","","","","","","","","","","","","","","","","","","","","","","","","","","","","","","","","","","","","","","","","","","","","","","","","","","","","","","","","","","","","","","","","","","","","","","","","","","","","","","","","","","","","","","","","","","","","","","","","","","","","","","","","","","","","","","","","","","","","","","","","","","","","","","","","","","","","","","","","","","","","","","","","","","","","","","","","","","","","","","","","","","","",""
"","","","","","","","","","","","","","","","","","","","","","","","","","","","","","","","","","","","","","","","","","","","","","","","","","","","","","","","","","","","","","","","","","","","","","","","","","","","","","","","","","","","","","","","","","","","","","","","","","","","","","","","","","","","","","","","","","","","","","","","","","","","","","","","","","","","","","","","","","","","","","","","","","","","","","","","","","","","","","","","","","","","","","","","","","","","","","","","","","","","","","","","","","","","","","","","","","","","","","",""
"","","","","","","","","","","","","","","","","","","","","","","","","","","","","","","","","","","","","","","","","","","","","","","","","","","","","","","","","","","","","","","","","","","","","","","","","","","","","","","","","","","","","","","","","","","","","","","","","","","","","","","","","","","","","","","","","","","","","","","","","","","","","","","","","","","","","","","","","","","","","","","","","","","","","","","","","","","","","","","","","","","","","","","","","","","","","","","","","","","","","","","","","","","","","",""
"","","","","","","","","","","","","","","","","","","","","","","","","","","","","","","","","","","","","","","","","","","","","","","","","","","","","","","","","","","","","","","","","","","","","","","","","","","","","","","","","","","","","","","","","","","","","","","","","","","","","","","","","","","","","","","","","","","","","","","","","","","","","","","","","","","","","","","","","","","","","","","","","","","","","","","","","","","","","","","","","","","","","","","","","","","","","","","","","","","","","","","","","","","","","",""
"","","","","","","","","","","","","","","","","","","","","","","","","","","","","","","","","","","","","","","","","","","","","","","","","","","","","","","","","","","","","","","","","","","","","","","","","","","","","","","","","","","","","","","","","","","","","","","","","","","","","","","","","","","","","","","","","","","","","","","","","","","","","","","","","","","","","","","","","","","","","","","","","","","","","","","","","","","","","","","","","","","","","","","","","","","","","","","","","","","","","","","","","","","","",""
"","","","","","","","","","","","","","","","","","","","","","","","","","","","","","","","","","","","","","","","","","","","","","","","","","","","","","","","","","","","","","","","","","","","","","","","","","","","","","","","","","","","","","","","","","","","","","","","","","","","","","","","","","","","","","","","","","","","","","","","","","","","","","","","","","","","","","","","","","","","","","","","","","","","","","","","","","","","","","","","","","","","","","","","","","","","","","","","","","","","","","","","","","","","","","","","","","","",""
"","","","","","","","","","","","","","","","","","","","","","","","","","","","","","","","","","","","","","","","","","","","","","","","","","","","","","","","","","","","","","","","","","","","","","","","","","","","","","","","","","","","","","","","","","","","","","","","","","","","","","","","","","","","","","","","","","","","","","","","","","","","","","","","","","","","","","","","","","","","","","","","","","","","","","","","","","","","","","","","","","","","","","","","","","","","","","","","","","","","","","","","","","","","","",""
"","","","","","","","","","","","","","","","","","","","","","","","","","","","","","","","","","","","","","","","","","","","","","","","","","","","","","","","","","","","","","","","","","","","","","","","","","","","","","","","","","","","","","","","","","","","","","","","","","","","","","","","","","","","","","","","","","","","","","","","","","","","","","","","","","","","","","","","","","","","","","","","","","","","","","","","","","","","","","","","","","","","","","","","","","","","","","","","","","","","","","","","","","","","","","","","","","","","","","","","","","",""
"","","","","","","","","","","","","","","","","","","","","","","","","","","","","","","","","","","","","","","","","","","","","","","","","","","","","","","","","","","","","","","","","","","","","","","","","","","","","","","","","","","","","","","","","","","","","","","","","","","","","","","","","","","","","","","","","","","","","","","","","","","","","","","","","","","","","","","","","","","","","","","","","","","","","","","","","","","","","","","","","","","","","","","","","","","","","","","","","","","","","","","","","","","","",""
"","","","","","","","","","","","","","","","","","","","","","","","","","","","","","","","","","","","","","","","","","","","","","","","","","","","","","","","","","","","","","","","","","","","","","","","","","","","","","","","","","","","","","","","","","","","","","","","","","","","","","","","","","","","","","","","","","","","","","","","","","","","","","","","","","","","","","","","","","","","","","","","","","","","","","","","","","","","","","","","","","","","","","","","","","","","","","","","","","","","","","","","","","","","",""
"LEADERSHIPMake HIV/AIDS a top public health priority in the District.","","","","","","","","","","","","","","","","","","","","","","","","","","","","","","","","","","","","","","",B,"","","","","","","","","","","","","","","","","","","","","","","","",""
"INTERAGENCY COORDINATIONImprove communication and collaboration on HIV/AIDS issues among key District agencies, including DOH, DMH, DOC, and DCPS.","","","","","","","","","","","","","","","","","","","","","","","","","","","","","","","","","","","","","","",A-,"","","","","","","","","","","","","","","","","","","","","","","","",""
"HIV SURVEILLANCEFully and appropriately staff the office responsible for tracking the spread of HIV and AIDS. Publicly report data on HIV infections in the District.","","","","","","","","","","","","","","","","","","","","","","","","","","","","","","","","","","","","","","",A-,"","","","","","","","","","","","","","","","","","","","","","","","",""
"GRANTS MANAGEMENTImprove grants management, monitoring, and payment processes to assure that funds for HIV/AIDS services are spent fully and effectively.","","","","","","","","","","","","","","","","","","","","","","","","","","","","","","","","","","","","","","",B,"","","","","","","","","","","","","","","","","","","","","","","","",""
"MONITORING AND EVALUATIONImplement comprehensive system of program outcome monitoring and quality assurance standards utilizing data to assess the effectiveness of grant-funded HIV/AIDS prevention and care programs.","","","","","","","","","","","","","","","","","","","","","","","","","","","","","","","","","","","","","","",B-,"","","","","","","","","","","","","","","","","","","","","","","","",""
"HIV TESTINGDevelop citywide strategy for routine HIV testing in all medical settings and offer rapid HIV testing at District-run facilities (including STD clinic, D.C. Jail, TB Clinic, and substance abuse treatment facilities).","","","","","","","","","","","","","","","","","","","","","","","","","","","","","","","","","","","","","","",A,"","","","","","","","","","","","","","","","","","","","","","","","",""
"CONDOM DISTRIBUTIONSignificantly expand condom distribution in the District.","","","","","","","","","","","","","","","","","","","","","","","","","","","","","","","","","","","","","","",A-,"","","","","","","","","","","","","","","","","","","","","","","","",""
"PUBLIC EDUCATION IN THE DISTRICTAdopt system-wide health education standards, including HIV/AIDS prevention. Establish system for monitoring implementation of standards. Develop and implement a plan for enhancing HIV/AIDS policy for DC schools.","","","","","","","","","","","","","","","","","","","","","","","","","","","","","","","","","","","","","","","OSSE: C-DCPS: B+CHARTER: Incomplete","","","","","","","","","","","","","","","","","","","","","","","","",""
"YOUTH INITIATIVESEstablish and implement a youth HIV education and prevention program that involves all District agencies that have regular contact with or programming for young people.","","","","","","","","","","","","","","","","","","","","","","","","","","","","","","","","","","","","","","",B+,"","","","","","","","","","","","","","","","","","","","","","","","",""
"SYRINGE EXCHANGE & COMPLEMENTARY SERVICESContinue to fund syringe exchange programs and complementary services (e.g., HIV testing and counseling and drug treatment referrals) and adopt additional measures to address prevention with substance-using population.","","","","","","","","","","","","","","","","","","","","","","","","","","","","","","","","","","","","","","",B,"","","","","","","","","","","","","","","","","","","","","","","","",""
"SUBSTANCE ABUSE TREATMENTIncrease the availability of substance abuse treatment programs in the District.","","","","","","","","","","","","","","","","","","","","","","","","","","","","","","","","","","","","","","",B+,"","","","","","","","","","","","","","","","","","","","","","","","",""
"HIV/AIDS AMONG THE INCARCERATEDImplement routine HIV testing, improve collection of HIV and AIDS data, improve discharge planning services, and ensure that HIV-positive inmates receive medication at discharge.Prepared by the DC Appleseed Center, Hogan Lovells US LLP, and Paul, Weiss, Rifkind, Wharton & Garrison LLP.","","","","","","","","","","","","","","","","","","","","","","","","","","","","","","","","","","","","","","",A,"","","","","","","","","","","","","","","","","","","","","","","","",""


"Over five years ago, DC Appleseed issued its 2005 report, HIV/AIDS in the Nation’s Capital: Improving the District of Columbia’s Response to a Public Health Crisis. Since that time, the District government has made significant progress toward implementing many of the recommendations in the report.While there continue to be important advancements, this Sixth Report Card shows that in several key areas prog-ress is not sufficient and in others there have been troubling declines. We urge Mayor Gray, his administration, and the District community to make fighting HIV/AIDS a top priority. In addition to describing the status of the District’s response to the epidemic, the Sixth Report Card proposes a list of HIV/AIDS priorities for the Gray Administration to address going forward.",""
"","","","",""


"Over five years ago, DC Appleseed issued its 2005 report, HIV/AIDS in the Nation’s Capital: Improving the District of Columbia’s Response to a Public Health Crisis. Since that time, the District government has made significant progress toward implementing many of the recommendations in the report.While there continue to be important advancements, this Sixth Report Card shows that in several key areas prog-ress is not sufficient and in others there have been troubling declines. We urge Mayor Gray, his administration, and the District community to make fighting HIV/AIDS a top priority. In addition to describing the status of the District’s response to the epidemic, the Sixth Report Card proposes a list of HIV/AIDS priorities for the Gray Administration to address going forward.",""
"","","","",""


"NO. 6OCTOBER 2009 to  FEBRUARY 2011GRADES (A-F)",""
"","","","",""


"NO. 6OCTOBER 2009 to  FEBRUARY 2011GRADES (A-F)",""
"","","","",""


"Over five years ago, DC Appleseed issued its 2005 report, HIV/AIDS in the Nation’s Capital: Improving the District of Columbia’s Response to a Public Health Crisis. Since that time, the District government has made significant progress toward implementing many of the recommendations in the report.While there continue to be important advancements, this Sixth Report Card shows that in several key areas prog-ress is not sufficient and in others there have been troubling declines. We urge Mayor Gray, his administration, and the District community to make fighting HIV/AIDS a top priority. In addition to describing the status of the District’s response to the epidemic, the Sixth Report Card proposes a list of HIV/AIDS priorities for the Gray Administration to address going forward.",""
"","","","",""


"Over five years ago, DC Appleseed issued its 2005 report, HIV/AIDS in the Nation’s Capital: Improving the District of Columbia’s Response to a Public Health Crisis. Since that time, the District government has made significant progress toward implementing many of the recommendations in the report.While there continue to be important advancements, this Sixth Report Card shows that in several key areas prog-ress is not sufficient and in others there have been troubling declines. We urge Mayor Gray, his administration, and the District community to make fighting HIV/AIDS a top priority. In addition to describing the status of the District’s response to the epidemic, the Sixth Report Card proposes a list of HIV/AIDS priorities for the Gray Administration to address going forward.",""
"","","","",""


"Over five years ago, DC Appleseed issued its 2005 report, HIV/AIDS in the Nation’s Capital: Improving the District of Columbia’s Response to a Public Health Crisis. Since that time, the District government has made significant progress toward implementing many of the recommendations in the report.While there continue to be important advancements, this Sixth Report Card shows that in several key areas prog-ress is not sufficient and in others there have been troubling declines. We urge Mayor Gray, his administration, and the District community to make fighting HIV/AIDS a top priority. In addition to describing the status of the District’s response to the epidemic, the Sixth Report Card proposes a list of HIV/AIDS priorities for the Gray Administration to address going forward.",""
"","","","",""
"","","","",""


"Over five years ago, DC Appleseed issued its 2005 report, HIV/AIDS in the Nation’s Capital: Improving the District of Columbia’s Response to a Public Health Crisis. Since that time, the District government has made significant progress toward implementing many of the recommendations in the report.While there continue to be important advancements, this Sixth Report Card shows that in several key areas prog-ress is not sufficient and in others there have been troubling declines. We urge Mayor Gray, his administration, and the District community to make fighting HIV/AIDS a top priority. In addition to describing the status of the District’s response to the epidemic, the Sixth Report Card proposes a list of HIV/AIDS priorities for the Gray Administration to address going forward.",""
"","","","",""


"Over five years ago, DC Appleseed issued its 2005 report, HIV/AIDS in the Nation’s Capital: Improving the District of Columbia’s Response to a Public Health Crisis. Since that time, the District government has made significant progress toward implementing many of the recommendations in the report.While there continue to be important advancements, this Sixth Report Card shows that in several key areas prog-ress is not sufficient and in others there have been troubling declines. We urge Mayor Gray, his administration, and the District community to make fighting HIV/AIDS a top priority. In addition to describing the status of the District’s response to the epidemic, the Sixth Report Card proposes a list of HIV/AIDS priorities for the Gray Administration to address going forward.",""
"","","","",""


"NO. 6OCTOBER 2009 to  FEBRUARY 2011GRADES (A-F)",""
"","","","",""


"NO. 6OCTOBER 2009 to  FEBRUARY 2011GRADES (A-F)","","",""
"","","","","","","","","","","","",""


"NO. 6OCTOBER 2009 to  FEBRUARY 2011GRADES (A-F)","",""
"","","","","","","","",""


"NO. 6OCTOBER 2009 to  FEBRUARY 2011GRADES (A-F)","","",""
"","","","","","","","","","","",""
"","","","","","","","","","","","",""


"",""
"","","","",""
"","","","",""


"NO. 6OCTOBER 2009 to  FEBRUARY 2011GRADES (A-F)","",""
"","","","","","","","",""


"",""
"","","","",""
"","","","",""
"","","","",""


"NO. 6OCTOBER 2009 to  FEBRUARY 2011GRADES (A-F)",""
"","","","",""


"","FIRST  REPORT  CARD","SECOND REPORT  CARD","THIRD  REPORT  CARD","FOURTH REPORT  CARD","FIFTH REPORT  CARD","SIXTH REPORT CARD"
"","","","","","",""
LEADERSHIP,B-,B-,B+,B+,B+,B
B,A-,A-
HIV SURVEILLANCE & DATA,Incomplete,B,A,A,A,A-
B,B+,B
"QUALITY ASSURANCE/  MONITORING AND EVALUATION",N/A,B-,B-,B-,B-,B-
A-,A,A
"","",""
CONDOM DISTRIBUTION,D,D+,B,B,B+,A-
C,C+,"osse: C-dcps: B+charter: Incomplete"
YOUTH INITIATIVES,N/A,N/A,N/A,N/A,B,B+
B
"SUBSTANCE ABUSE TREATMENT",D+,D+,C+,B,B,B+
A


""


